Model,Accuracy,Precision (macro),Recall (macro),F1 (macro),F1 (negative),F1 (neutral),F1 (positive)
LogReg + TF-IDF,0.8360581970901455,0.6161437337482457,0.7192859190537431,0.6470339444975316,0.6544908681511133,0.36427566807313644,0.922335297268345
NB + BoW,0.8609069546522674,0.6130604161632561,0.637600012477658,0.624488758628528,0.6352331606217616,0.30434782608695654,0.9338852891768659
NB + TF-IDF,0.8793560321983901,0.8249412798668834,0.4884640055121914,0.5279329534169683,0.5571376414749909,0.09053497942386832,0.9361262393520458
SVM + TF-IDF,0.879706014699265,0.6515550023757718,0.6845022632408485,0.6664935052093651,0.6748010610079576,0.3756177924217463,0.9490616621983914
RF + Word2Vec,0.8704564771761412,0.6214357357169792,0.5362781442971128,0.5432944304934872,0.5744444444444444,0.11916461916461916,0.9362742278713981
