Model,Accuracy,Precision (macro),Recall (macro),F1 (macro),F1 (negative),F1 (neutral),F1 (positive)
LogReg + TF-IDF,0.8299585020748963,0.6184383717839678,0.7312707562001753,0.6495420194420639,0.6614922383575363,0.3702714730752114,0.9168623468934441
NB + BoW,0.8632068396580171,0.6201764296946317,0.6425874486390414,0.6307179049831607,0.6400208986415883,0.31732479544646036,0.9348080208614333
NB + TF-IDF,0.8765561721913905,0.8538490398090697,0.4765206844021717,0.5163253821614685,0.5276627775686865,0.08713692946058091,0.9341764394551381
SVM + TF-IDF,0.8871556422178891,0.6696966003183462,0.7058892846858099,0.6863277949754195,0.6983460225781045,0.40884718498659517,0.9517901773615586
RF + Word2Vec,0.8687565621718915,0.6122972380330544,0.5449437420848967,0.5470805794286998,0.5755549612195774,0.12965186074429771,0.9360349163222245
