Model,Accuracy,Precision (macro),Recall (macro),F1 (macro),F1 (negative),F1 (neutral),F1 (positive)
LogReg + TF-IDF,0.8347694205096582,0.6434720896056422,0.7543332424527053,0.671592495319636,0.7053935147466188,0.3917717889908257,0.9176121822214639
NB + BoW,0.8618023032949451,0.6345375533482692,0.6514344437182839,0.6425491789831614,0.6538656741668076,0.3410483321987747,0.932733530583902
NB + TF-IDF,0.8774520424659589,0.8243282155980721,0.5005161559330368,0.5470798636328963,0.5668877201006174,0.13962592431491952,0.9347259464831518
SVM + TF-IDF,0.8911351477475375,0.6875656922504124,0.7216561780627604,0.7034573401880794,0.7220489246429158,0.43554753580692457,0.9527755601143978
RF + Word2Vec,0.873085448575857,0.6410699732939147,0.5615827854206928,0.5674846735759203,0.6171350938269509,0.14711651628089448,0.9382024106199153
