Model,Accuracy,Precision (macro),Recall (macro),F1 (macro),F1 (negative),F1 (neutral),F1 (positive)
LogReg + TF-IDF,0.8350616493835061,0.6442244743280287,0.7553029956045716,0.671941140788031,0.7075490005821852,0.39045234806629836,0.9178220737156099
NB + BoW,0.8594414055859442,0.6299197949496828,0.6480743554135864,0.6383137153159308,0.6485203514796485,0.33459051724137934,0.9318302772267647
NB + TF-IDF,0.8800111998880011,0.8332363921559908,0.5113716123067967,0.5601772359666628,0.5844736666444162,0.1599686847599165,0.9360893564956556
SVM + TF-IDF,0.8898211017889821,0.6841129729601682,0.7225756297493393,0.701845423202912,0.7258174056466479,0.4278089318289305,0.9519099321331576
RF + Word2Vec,0.8744112558874412,0.6471014248040422,0.5718341369358796,0.5773373124549311,0.6275796906857626,0.16555905328203335,0.9388731933969974
